Predictor,Site,Residues
P2Rank,0,"PHE_256_A,GLN_259_A,LEU_260_A,VAL_263_A,ILE_267_A,ALA_306_A,ILE_774_A,ASN_777_A,ILE_778_A,VAL_781_A,VAL_782_A,ILE_838_A,PHE_843_A,VAL_847_A"
P2Rank,1,"ASN_275_A,HIS_278_A,ASP_281_A,TYR_294_A,TYR_295_A,ILE_298_A,ALA_788_A,ALA_789_A,LEU_790_A,GLY_791_A,LEU_792_A,GLU_794_A,THR_880_A,HIS_881_A,HIS_882_A,MET_883_A,GLN_884_A"
P2Rank,2,"ASN_101_A,LEU_253_A,ASP_254_A,PHE_256_A,GLY_257_A,ILE_307_A,PRO_308_A,LEU_311_A,PRO_312_A,GLN_56_A,ASP_59_A,LEU_61_A,VAL_62_A,LEU_65_A"
P2Rank,3,"ARG_174_A,VAL_185_A,SER_186_A,ILE_188_A,GLU_439_A,THR_441_A,GLU_442_A,PHE_487_A,ARG_489_A,LYS_492_A,MET_494_A,LYS_524_A,ALA_526_A,ARG_569_A,LEU_571_A"
P2Rank,4,"SER_265_A,CYS_268_A,VAL_269_A,TRP_272_A,PHE_296_A,ALA_299_A,VAL_300_A,ALA_303_A,ILE_64_A,MET_67_A,ALA_68_A,ILE_71_A"
P2Rank,5,"GLU_183_A,SER_184_A,VAL_185_A,ASN_359_A,MET_361_A,THR_567_A,ARG_569_A,MET_608_A,LEU_609_A,ASP_610_A,ASP_636_A,ASN_637_A,THR_640_A,ILE_644_A"
P2Rank,6,"ALA_112_A,PRO_244_A,ASP_245_A,THR_247_A,ARG_334_A,SER_335_A,PRO_337_A,LYS_721_A,ALA_723_A,GLU_724_A,SER_738_A,ALA_739_A,ALA_740_A,ASP_741_A"
P2Rank,7,"VAL_1014_A,PHE_1015_A,VAL_799_A,LEU_802_A,TRP_803_A,LEU_806_A,VAL_89_A,VAL_93_A,LEU_96_A,ILE_97_A"
P2Rank,8,"GLN_108_A,LEU_249_A,GLN_250_A,LEU_253_A,PRO_312_A,ILE_315_A,THR_316_A,LEU_319_A,PRO_337_A"
P2Rank,9,"CYS_364_A,ILE_384_A,THR_385_A,GLY_386_A,SER_387_A,PRO_611_A,PRO_612_A,ARG_647_A"
P2Rank,10,"ASN_764_A,ASN_765_A,GLN_768_A,ASN_819_A,PRO_820_A,PRO_821_A,ASP_822_A,ARG_828_A,LEU_974_A,SER_975_A,GLU_976_A,GLN_978_A,MET_983_A"
P2Rank,11,"ALA_199_A,VAL_200_A,ASN_201_A,LYS_204_A,GLU_231_A,LYS_234_A,GLU_689_A,MET_691_A"
P2Rank,12,"GLU_1024_A,TRP_864_A,TYR_868_A,LYS_870_A,SER_947_A,ILE_948_A,HIS_951_A,LYS_953_A"
P2Rank,13,"THR_181_A,ASP_351_A,GLY_635_A,VAL_688_A,PRO_690_A,LYS_693_A,ASN_715_A"
