residue_id,neighbors
PRO_5_A,"ASP_6_A,PHE_22_A"
ASP_6_A,"PRO_5_A,LEU_7_A,LYS_8_A,LYS_58_A"
LEU_7_A,"ASP_6_A,LYS_8_A"
LYS_8_A,"ASP_6_A,LEU_7_A,ILE_9_A,THR_20_A"
ILE_9_A,"LYS_8_A,GLU_10_A,TRP_62_A"
GLU_10_A,"ILE_9_A,LYS_11_A,VAL_18_A,HIS_34_A,LYS_200_A"
LYS_11_A,"GLU_10_A,LEU_12_A,GLU_14_A,PHE_17_A"
LEU_12_A,"LYS_11_A,GLU_13_A,VAL_16_A,VAL_18_A,LEU_192_A"
GLU_13_A,"LEU_12_A,GLU_14_A"
GLU_14_A,"LYS_11_A,GLU_13_A,GLY_15_A"
GLY_15_A,"GLU_14_A,VAL_16_A,LEU_39_A"
VAL_16_A,"LEU_12_A,GLY_15_A,PHE_17_A"
PHE_17_A,"LYS_11_A,VAL_16_A,VAL_18_A,VAL_37_A,LEU_39_A"
VAL_18_A,"GLU_10_A,LEU_12_A,PHE_17_A,HIS_19_A,LEU_36_A"
HIS_19_A,"VAL_18_A,THR_20_A,GLY_35_A,LEU_59_A"
THR_20_A,"LYS_8_A,HIS_19_A,SER_21_A,PHE_22_A,THR_32_A,HIS_34_A"
SER_21_A,"THR_20_A,PHE_22_A,LYS_33_A"
PHE_22_A,"PRO_5_A,THR_20_A,SER_21_A,GLU_23_A,VAL_30_A"
GLU_23_A,"PHE_22_A,GLU_24_A,VAL_31_A,PHE_51_A"
GLU_24_A,"GLU_23_A,VAL_25_A"
VAL_25_A,"GLU_24_A,ASN_26_A"
ASN_26_A,"VAL_25_A,GLY_27_A"
GLY_27_A,"ASN_26_A,TRP_28_A"
TRP_28_A,"GLY_27_A,GLY_29_A"
GLY_29_A,"TRP_28_A,VAL_30_A,GLY_308_A"
VAL_30_A,"PHE_22_A,GLY_29_A,VAL_31_A"
VAL_31_A,"GLU_23_A,VAL_30_A,THR_32_A"
THR_32_A,"THR_20_A,VAL_31_A,LYS_33_A,HIS_197_A"
LYS_33_A,"SER_21_A,THR_32_A,HIS_34_A,ASP_48_A,PHE_51_A,ASP_81_A"
HIS_34_A,"GLU_10_A,THR_20_A,LYS_33_A,GLY_35_A,SER_196_A"
GLY_35_A,"HIS_19_A,HIS_34_A,LEU_36_A"
LEU_36_A,"VAL_18_A,GLY_35_A,VAL_37_A,ILE_47_A"
VAL_37_A,"PHE_17_A,LEU_36_A,VAL_38_A,LEU_46_A,PHE_63_A"
VAL_38_A,"VAL_37_A,LEU_39_A,TYR_45_A,LEU_148_A"
LEU_39_A,"GLY_15_A,PHE_17_A,VAL_38_A,VAL_40_A,ALA_44_A,TYR_68_A"
VAL_40_A,"LEU_39_A,ASN_41_A,ASP_43_A"
ASN_41_A,"VAL_40_A,THR_42_A"
THR_42_A,"ASN_41_A,ASP_43_A,GLU_69_A"
ASP_43_A,"VAL_40_A,THR_42_A,ALA_44_A,GLU_69_A,LYS_71_A"
ALA_44_A,"LEU_39_A,ASP_43_A,TYR_45_A,GLU_69_A,LYS_71_A"
TYR_45_A,"VAL_38_A,ALA_44_A,LEU_46_A,LYS_71_A,VAL_126_A"
LEU_46_A,"VAL_37_A,TYR_45_A,ILE_47_A,THR_73_A,ILE_74_A"
ILE_47_A,"LEU_36_A,LEU_46_A,ASP_48_A,ILE_74_A,VAL_146_A,PHE_155_A"
ASP_48_A,"LYS_33_A,ILE_47_A,THR_49_A,ILE_74_A,SER_76_A,HIS_77_A,ASP_81_A,SER_82_A"
THR_49_A,"ASP_48_A,PRO_50_A,GLY_85_A,LEU_89_A"
PRO_50_A,"THR_49_A,PHE_51_A,ASP_55_A"
PHE_51_A,"GLU_23_A,LYS_33_A,PRO_50_A,THR_52_A,ASP_81_A"
THR_52_A,"PHE_51_A,ALA_53_A,THR_56_A"
ALA_53_A,"THR_52_A,THR_54_A,GLU_57_A,TRP_88_A"
THR_54_A,"ALA_53_A,ASP_55_A"
ASP_55_A,"PRO_50_A,THR_54_A,THR_56_A,LYS_58_A,LEU_59_A"
THR_56_A,"THR_52_A,ASP_55_A,GLU_57_A,VAL_60_A,LEU_89_A"
GLU_57_A,"ALA_53_A,THR_56_A,LYS_58_A,ASN_61_A,TRP_88_A"
LYS_58_A,"ASP_6_A,ASP_55_A,GLU_57_A,LEU_59_A"
LEU_59_A,"HIS_19_A,ASP_55_A,LYS_58_A,VAL_60_A"
VAL_60_A,"THR_56_A,LEU_59_A,ASN_61_A,VAL_64_A"
ASN_61_A,"GLU_57_A,VAL_60_A,TRP_62_A,GLU_65_A"
TRP_62_A,"ILE_9_A,ASN_61_A,PHE_63_A,ARG_66_A"
PHE_63_A,"VAL_37_A,TRP_62_A,VAL_64_A"
VAL_64_A,"VAL_60_A,PHE_63_A,GLU_65_A,GLY_67_A"
GLU_65_A,"ASN_61_A,VAL_64_A,ARG_66_A"
ARG_66_A,"TRP_62_A,GLU_65_A,GLY_67_A"
GLY_67_A,"VAL_64_A,ARG_66_A,TYR_68_A"
TYR_68_A,"LEU_39_A,GLY_67_A,GLU_69_A"
GLU_69_A,"THR_42_A,ASP_43_A,ALA_44_A,TYR_68_A,ILE_70_A,LYS_71_A"
ILE_70_A,"GLU_69_A,LYS_71_A,ILE_94_A"
LYS_71_A,"ASP_43_A,ALA_44_A,TYR_45_A,GLU_69_A,ILE_70_A,GLY_72_A"
GLY_72_A,"LYS_71_A,THR_73_A"
THR_73_A,"LEU_46_A,GLY_72_A,ILE_74_A,LEU_89_A,PRO_95_A,TYR_97_A"
ILE_74_A,"LEU_46_A,ILE_47_A,ASP_48_A,THR_73_A,SER_75_A,PHE_118_A"
SER_75_A,"ILE_74_A,SER_76_A,SER_82_A"
SER_76_A,"ASP_48_A,SER_75_A,HIS_77_A,LEU_144_A"
HIS_77_A,"ASP_48_A,SER_76_A,PHE_78_A,HIS_79_A,ASP_81_A,SER_82_A,HIS_139_A,ASP_142_A"
PHE_78_A,"HIS_77_A,HIS_79_A,THR_83_A,LEU_105_A,ASP_142_A"
HIS_79_A,"HIS_77_A,PHE_78_A,SER_80_A,ASP_81_A,HIS_139_A,ASP_170_A"
SER_80_A,"HIS_79_A,ASP_81_A,GLY_84_A"
ASP_81_A,"LYS_33_A,ASP_48_A,PHE_51_A,HIS_77_A,HIS_79_A,SER_80_A,SER_82_A,HIS_139_A,HIS_197_A"
SER_82_A,"ASP_48_A,SER_75_A,HIS_77_A,ASP_81_A,THR_83_A"
THR_83_A,"PHE_78_A,SER_82_A,GLY_84_A,ILE_86_A"
GLY_84_A,"SER_80_A,THR_83_A,GLY_85_A"
GLY_85_A,"THR_49_A,GLY_84_A,ILE_86_A,LEU_89_A"
ILE_86_A,"THR_83_A,GLY_85_A,GLU_87_A,ASN_90_A"
GLU_87_A,"ILE_86_A,TRP_88_A"
TRP_88_A,"ALA_53_A,GLU_57_A,GLU_87_A,LEU_89_A,SER_91_A,GLN_92_A"
LEU_89_A,"THR_49_A,THR_56_A,THR_73_A,GLY_85_A,TRP_88_A,ASN_90_A,ILE_94_A,THR_96_A"
ASN_90_A,"ILE_86_A,LEU_89_A,SER_91_A,SER_93_A,THR_96_A"
SER_91_A,"TRP_88_A,ASN_90_A,GLN_92_A"
GLN_92_A,"TRP_88_A,SER_91_A,SER_93_A"
SER_93_A,"ASN_90_A,GLN_92_A,ILE_94_A"
ILE_94_A,"ILE_70_A,LEU_89_A,SER_93_A"
PRO_95_A,"THR_73_A,THR_96_A,TYR_116_A"
THR_96_A,"LEU_89_A,ASN_90_A,PRO_95_A,TYR_97_A,LYS_115_A,TYR_116_A"
TYR_97_A,"THR_73_A,THR_96_A,ALA_98_A,TYR_116_A"
ALA_98_A,"TYR_97_A,SER_99_A,THR_102_A,ALA_114_A"
SER_99_A,"ALA_98_A,GLU_100_A,THR_102_A"
GLU_100_A,"SER_99_A,LEU_101_A,GLU_104_A,PHE_118_A"
LEU_101_A,"GLU_100_A,THR_102_A,LEU_105_A"
THR_102_A,"ALA_98_A,SER_99_A,LEU_101_A,ASN_103_A,LEU_106_A,ASP_142_A"
ASN_103_A,"THR_102_A,GLU_104_A,LYS_107_A,ALA_114_A"
GLU_104_A,"GLU_100_A,ASN_103_A,LEU_105_A,LYS_108_A"
LEU_105_A,"PHE_78_A,LEU_101_A,GLU_104_A,LEU_106_A,SER_109_A"
LEU_106_A,"THR_102_A,LEU_105_A,LYS_107_A,LYS_111_A"
LYS_107_A,"ASN_103_A,LEU_106_A,LYS_108_A"
LYS_108_A,"GLU_104_A,LYS_107_A,SER_109_A"
SER_109_A,"LEU_105_A,LYS_108_A,GLY_110_A"
GLY_110_A,"SER_109_A,LYS_111_A"
LYS_111_A,"LEU_106_A,GLY_110_A,VAL_112_A"
VAL_112_A,"LYS_111_A,GLN_113_A"
GLN_113_A,"VAL_112_A,ALA_114_A"
ALA_114_A,"ALA_98_A,ASN_103_A,GLN_113_A,LYS_115_A"
LYS_115_A,"THR_96_A,ALA_114_A,TYR_116_A"
TYR_116_A,"PRO_95_A,THR_96_A,TYR_97_A,LYS_115_A,SER_117_A"
SER_117_A,"TYR_116_A,PHE_118_A"
PHE_118_A,"ILE_74_A,GLU_100_A,SER_117_A,SER_119_A,TYR_123_A"
SER_119_A,"PHE_118_A,GLU_120_A"
GLU_120_A,"SER_119_A,VAL_121_A"
VAL_121_A,"GLU_120_A,SER_122_A,PHE_133_A,TYR_134_A"
SER_122_A,"VAL_121_A,TYR_123_A,GLU_131_A"
TYR_123_A,"PHE_118_A,SER_122_A,TRP_124_A,VAL_132_A"
TRP_124_A,"TYR_123_A,LEU_125_A,GLU_131_A,PRO_149_A"
LEU_125_A,"TRP_124_A,VAL_126_A,ILE_130_A"
VAL_126_A,"TYR_45_A,LEU_125_A,LYS_127_A,LYS_129_A,ILE_130_A"
LYS_127_A,"VAL_126_A,ASN_128_A"
ASN_128_A,"LYS_127_A,LYS_129_A"
LYS_129_A,"VAL_126_A,ASN_128_A,ILE_130_A,GLU_150_A"
ILE_130_A,"LEU_125_A,VAL_126_A,LYS_129_A,GLU_131_A,VAL_146_A"
GLU_131_A,"SER_122_A,TRP_124_A,ILE_130_A,VAL_132_A,TRP_147_A,LYS_186_A,TYR_187_A"
VAL_132_A,"TYR_123_A,GLU_131_A,PHE_133_A,LEU_144_A"
PHE_133_A,"VAL_121_A,VAL_132_A,TYR_134_A,VAL_145_A,TYR_187_A"
TYR_134_A,"VAL_121_A,PHE_133_A,GLN_141_A,LEU_144_A"
PRO_135_A,GLY_136_A
GLY_136_A,"PRO_135_A,ASN_143_A"
PRO_137_A,"GLY_138_A,ASN_172_A,SER_179_A"
GLY_138_A,"PRO_137_A,HIS_139_A,THR_140_A,ASN_172_A"
HIS_139_A,"HIS_77_A,HIS_79_A,ASP_81_A,GLY_138_A,THR_140_A,ASN_143_A,LYS_161_A,TRP_176_A"
THR_140_A,"GLY_138_A,HIS_139_A,GLN_141_A,ASP_142_A"
GLN_141_A,"TYR_134_A,THR_140_A,ASP_142_A,ASN_172_A"
ASP_142_A,"HIS_77_A,PHE_78_A,THR_102_A,THR_140_A,GLN_141_A,ASN_143_A"
ASN_143_A,"GLY_136_A,HIS_139_A,ASP_142_A,LEU_144_A"
LEU_144_A,"SER_76_A,VAL_132_A,TYR_134_A,ASN_143_A,VAL_145_A"
VAL_145_A,"PHE_133_A,LEU_144_A,VAL_146_A,LEU_183_A"
VAL_146_A,"ILE_47_A,ILE_130_A,VAL_145_A,TRP_147_A,PHE_155_A"
TRP_147_A,"GLU_131_A,VAL_146_A,LEU_148_A,LYS_152_A,TYR_187_A"
LEU_148_A,"VAL_38_A,TRP_147_A,LYS_152_A,ILE_153_A"
PRO_149_A,"TRP_124_A,GLU_150_A"
GLU_150_A,"LYS_129_A,PRO_149_A,SER_151_A"
SER_151_A,"GLU_150_A,LYS_152_A"
LYS_152_A,"TRP_147_A,LEU_148_A,SER_151_A,ILE_153_A,LYS_191_A"
ILE_153_A,"LEU_148_A,LYS_152_A,LEU_154_A"
LEU_154_A,"ILE_153_A,PHE_155_A,LEU_192_A,VAL_194_A"
PHE_155_A,"ILE_47_A,VAL_146_A,LEU_154_A,GLY_156_A"
GLY_156_A,"PHE_155_A,GLY_157_A,VAL_194_A"
GLY_157_A,"GLY_156_A,CYS_158_A"
CYS_158_A,"GLY_157_A,PHE_159_A,LYS_161_A"
PHE_159_A,"CYS_158_A,ILE_160_A,LEU_183_A"
ILE_160_A,"PHE_159_A,LYS_161_A"
LYS_161_A,"HIS_139_A,CYS_158_A,ILE_160_A,HIS_197_A,THR_209_A"
PRO_162_A,"HIS_163_A,ARG_208_A"
HIS_163_A,"PRO_162_A,GLY_164_A"
GLY_164_A,"HIS_163_A,LEU_165_A"
LEU_165_A,"GLY_164_A,GLY_166_A,LEU_173_A,GLN_212_A"
GLY_166_A,"LEU_165_A,ASN_167_A"
ASN_167_A,"GLY_166_A,LEU_168_A,GLY_169_A"
LEU_168_A,"ASN_167_A,GLY_169_A"
GLY_169_A,"ASN_167_A,LEU_168_A,ASP_170_A"
ASP_170_A,"HIS_79_A,GLY_169_A,ALA_171_A,GLY_307_A"
ALA_171_A,"ASP_170_A,ASN_172_A"
ASN_172_A,"PRO_137_A,GLY_138_A,GLN_141_A,ALA_171_A,LEU_173_A"
LEU_173_A,"LEU_165_A,ASN_172_A,GLU_174_A"
GLU_174_A,"LEU_173_A,ALA_175_A,LYS_221_A"
ALA_175_A,"GLU_174_A,TRP_176_A,SER_179_A"
TRP_176_A,"HIS_139_A,ALA_175_A,ALA_180_A"
PRO_177_A,"LYS_178_A,LEU_214_A"
LYS_178_A,"PRO_177_A,SER_179_A,ILE_182_A"
SER_179_A,"PRO_137_A,ALA_175_A,LYS_178_A,ALA_180_A"
ALA_180_A,"TRP_176_A,SER_179_A,LYS_181_A,MET_184_A"
LYS_181_A,"ALA_180_A,ILE_182_A,MET_184_A,SER_185_A"
ILE_182_A,"LYS_178_A,LYS_181_A,LEU_183_A"
LEU_183_A,"VAL_145_A,PHE_159_A,ILE_182_A,MET_184_A,TYR_187_A"
MET_184_A,"ALA_180_A,LYS_181_A,LEU_183_A,SER_185_A,MET_206_A,TRP_210_A"
SER_185_A,"LYS_181_A,MET_184_A,LYS_186_A"
LYS_186_A,"GLU_131_A,SER_185_A,TYR_187_A"
TYR_187_A,"GLU_131_A,PHE_133_A,TRP_147_A,LEU_183_A,LYS_186_A,GLY_188_A,ALA_190_A"
GLY_188_A,"TYR_187_A,LYS_189_A"
LYS_189_A,"GLY_188_A,ALA_190_A"
ALA_190_A,"TYR_187_A,LYS_189_A,LYS_191_A"
LYS_191_A,"LYS_152_A,ALA_190_A,LEU_192_A"
LEU_192_A,"LEU_12_A,LEU_154_A,LYS_191_A,VAL_193_A"
VAL_193_A,"LEU_192_A,VAL_194_A,GLY_201_A"
VAL_194_A,"LEU_154_A,GLY_156_A,VAL_193_A,SER_195_A"
SER_195_A,"VAL_194_A,SER_196_A"
SER_196_A,"HIS_34_A,SER_195_A,HIS_197_A"
HIS_197_A,"THR_32_A,ASP_81_A,LYS_161_A,SER_196_A,SER_198_A"
SER_198_A,"HIS_197_A,GLU_199_A"
GLU_199_A,"SER_198_A,LYS_200_A"
LYS_200_A,"GLU_10_A,GLU_199_A,GLY_201_A"
GLY_201_A,"VAL_193_A,LYS_200_A,ASP_202_A"
ASP_202_A,"GLY_201_A,ALA_203_A,SER_204_A"
ALA_203_A,"ASP_202_A,SER_204_A,MET_206_A"
SER_204_A,"ASP_202_A,ALA_203_A,LEU_205_A,ARG_208_A"
LEU_205_A,"SER_204_A,MET_206_A,THR_209_A"
MET_206_A,"MET_184_A,ALA_203_A,LEU_205_A,LYS_207_A"
LYS_207_A,"MET_206_A,ARG_208_A,GLU_211_A"
ARG_208_A,"PRO_162_A,SER_204_A,LYS_207_A,THR_209_A,GLU_211_A,GLN_212_A"
THR_209_A,"LYS_161_A,LEU_205_A,ARG_208_A,TRP_210_A,ALA_213_A"
TRP_210_A,"MET_184_A,THR_209_A,GLU_211_A,LEU_214_A"
GLU_211_A,"LYS_207_A,ARG_208_A,TRP_210_A,GLN_212_A"
GLN_212_A,"LEU_165_A,ARG_208_A,GLU_211_A,ALA_213_A,GLY_216_A"
ALA_213_A,"THR_209_A,GLN_212_A,LEU_214_A,LEU_217_A"
LEU_214_A,"PRO_177_A,TRP_210_A,ALA_213_A,LYS_215_A,LYS_218_A"
LYS_215_A,"LEU_214_A,GLY_216_A,GLU_219_A"
GLY_216_A,"GLN_212_A,LYS_215_A,LEU_217_A"
LEU_217_A,"ALA_213_A,GLY_216_A,LYS_218_A,SER_220_A"
LYS_218_A,"LEU_214_A,LEU_217_A,GLU_219_A,LYS_222_A"
GLU_219_A,"LYS_215_A,LYS_218_A,SER_220_A"
SER_220_A,"LEU_217_A,GLU_219_A,LYS_221_A"
LYS_221_A,"GLU_174_A,SER_220_A,LYS_222_A"
LYS_222_A,"LYS_218_A,LYS_221_A,THR_223_A"
THR_223_A,LYS_222_A
GLY_307_A,ASP_170_A
GLY_308_A,GLY_29_A
